,layer_id,name,D,Lambda,M,N,W_scale,alpha,alpha_weighted,best_fit,bulk_max,bulk_min,entropy,has_esd,lambda_max,layer_type,log_alpha_norm,log_norm,log_spectral_norm,matrix_rank,max_rand_eval,mp_softrank,norm,num_evals,num_pl_spikes,num_spikes,rand_W_scale,rand_bulk_max,rand_bulk_min,rand_distance,rand_mp_softrank,rand_num_spikes,rand_sigma_mp,rank_loss,rf,sigma,sigma_mp,spectral_norm,stable_rank,sv_max,warning,weak_rank_loss,xmax,xmin
0,3,Conv2d,0.08126127004994621,-1.0,3.0,64.0,1.2860198986075049,2.108325183259419,1.5818065266947323,power_law,0.2140951492430694,0.08880737380277964,0.8537807229661782,True,5.626869791669388,LAYER_TYPE.CONV2D,2.331508125522861,1.9488219577761572,0.7502668654980909,147.0,2.9866145663671793,0.03804871219164134,88.883665801739,147.0,81.0,62.0,1.286019898607505,0.22195445404647535,0.09206743934827986,0.13650988304546838,0.07431640377902983,89.0,0.49804116486490535,0.0,49.0,0.12314724258437988,0.489143989880088,5.626869791669388,15.796289783234679,2.3721023990691017,success,0.0,5.626869791669388,0.27597093820797575
0,9,Conv2d,0.27730698576027824,-1.0,64.0,64.0,2.016744727842044,1.2962824709659264,0.20785126937342804,power_law,1.0503699069048429,0.0,0.748231995446554,True,1.446585534395302,LAYER_TYPE.CONV2D,1.162906601689477,1.1968781134092459,0.1603441179132411,64.0,1.3493513337921443,0.7261028690874582,15.735411814737528,64.0,50.0,4.0,2.016744727842045,1.0107790850291125,0.0,0.18827314526443098,0.749085178719521,2.0,1.0137924628689419,0.0,1.0,0.04190066887334259,1.0334561879248274,1.446585534395302,10.877622816348156,1.2027408425738697,over-trained,5.0,1.446585534395302,0.0026477397066263144
0,11,Conv2d,0.10037441126381463,-1.0,64.0,64.0,5.250223369181137,1.823712583481493,0.24747062464678937,power_law,0.15047387363581552,0.0,0.748902098801704,True,1.3667719801384122,LAYER_TYPE.CONV2D,0.9170805566185835,1.3200669219678018,0.13569606685191835,576.0,0.3924775637589399,0.11009435064697268,20.896181026668103,576.0,152.0,30.0,5.250223369181137,0.148360452036539,0.0,0.2631244210789033,0.3780100207910538,16.0,1.0111296810699604,0.0,9.0,0.06681191294782983,1.0183060772021362,1.3667719801384122,15.288710428898286,1.1690902360974589,over-trained,47.0,1.3667719801384122,0.02189842023198567
0,13,Conv2d,0.07575017677836049,-1.0,64.0,256.0,2.0519876290701013,3.8957294604084645,1.508836421388428,lognormal,0.1144120453138898,0.01271244947932109,0.8130145974918931,True,2.4395247965414413,LAYER_TYPE.CONV2D,1.540922833546861,1.1818304975982734,0.38730523685549445,64.0,0.6201786741058347,0.04689931640625004,15.199541854026663,64.0,15.0,25.0,2.051987629070101,0.5239969256672203,0.05822188062969114,0.2791884390798962,0.8449128413238524,1.0,0.99025683480952,0.0,1.0,0.7476741316856115,0.4627211534369006,2.4395247965414413,6.230533862814319,1.5618978188541788,success,4.0,2.4395247965414413,0.45777229421716265
0,17,Conv2d,0.14182450726854132,-1.0,64.0,256.0,1.3599577521411923,2.5890737585596186,1.5255264737916123,power_law,0.22366454637407573,0.0248516162637862,0.8266010277367485,True,3.883444274562676,LAYER_TYPE.CONV2D,1.9622560772850528,1.5391291400330773,0.5892170776317742,64.0,1.4127181328392322,0.057594375137329124,34.60422602419645,64.0,20.0,30.0,1.3599577521411925,1.1613504487507367,0.12903893875008182,0.243008676592942,0.8220680557250968,7.0,0.9770477837632259,0.0,1.0,0.35532769454003954,0.4287782349086856,3.883444274562676,8.910704925228602,1.9706456491623947,success,1.0,3.883444274562676,0.6266213927130868
0,20,Conv2d,0.1812087098772388,-1.0,64.0,256.0,2.506144861908944,6.353252027509339,-0.048337310236528146,power_law,0.16077258601915276,0.01786362066879475,0.8321712211589526,True,0.9826338519357768,LAYER_TYPE.CONV2D,0.11029009270205394,1.0081676324398554,-0.0076082784103683335,64.0,0.3661567687669425,0.16361392974853525,10.189846279511752,64.0,6.0,16.0,2.506144861908944,0.3602734549602619,0.04003038388447354,0.25985770476995373,0.9839322544097899,0.0,1.0028386045700683,0.0,1.0,2.1854559886528966,0.6699168638250411,0.9826338519357768,10.369932054994724,0.991278897150432,under-trained,4.0,0.9826338519357768,0.5680175755259266
0,22,Conv2d,0.0741580615842028,-1.0,64.0,64.0,5.390641190287762,2.040277267571552,-0.1231904401756513,power_law,0.14100574172852018,0.0,0.8007853243343902,True,0.8702033198433043,LAYER_TYPE.CONV2D,0.6412280992301924,1.297141632514624,-0.06037926419788973,576.0,0.32259640087686475,0.16203769683837885,19.821733485994933,576.0,144.0,30.0,5.390641190287764,0.1400294002800982,0.0,0.21270194145905783,0.4340699397125249,12.0,1.0086025090496473,0.0,9.0,0.08668977229762935,1.0121125929636885,0.8702033198433043,22.778278402298202,0.932846889818101,success,36.0,0.8702033198433043,0.03073354571743437
0,24,Conv2d,0.1625347623834501,-1.0,64.0,256.0,2.3030658404992295,4.024237596428323,-0.20112529473032711,power_law,0.18482306113274413,0.020535895681416016,0.8887412459837394,True,0.891295093750039,LAYER_TYPE.CONV2D,0.13257876558751863,1.081567266308339,-0.049978484100649055,64.0,0.514344235440796,0.20736461182022078,12.066109613511799,64.0,16.0,22.0,2.30306584049923,0.42062099343193887,0.04673566593688209,0.17274900934079584,0.8177810976562501,2.0,0.9957735062558728,0.0,1.0,0.7560593991070808,0.6600748326376611,0.891295093750039,13.537726952747821,0.9440842619967982,success,0.0,0.891295093750039,0.32185930314655076
0,28,Conv2d,0.183051939896837,-1.0,64.0,256.0,2.6009132285494854,1.67125216057276,-0.1891914152855109,power_law,0.12014781709557439,0.013349757455063817,0.8484585242368571,True,0.7705425164515123,LAYER_TYPE.CONV2D,0.6762674352478699,0.9759282469014455,-0.1132033930898091,64.0,0.34716761383263395,0.15592626562499992,9.460808392326065,64.0,52.0,19.0,2.600913228549486,0.3292650533308134,0.036585005925645925,0.23699288011239705,0.9484325156249995,0.0,0.9949641300521626,0.0,1.0,0.09308592629657975,0.601025013469017,0.7705425164515123,12.278113394566207,0.8778055117459176,over-trained,0.0,0.7705425164515123,0.023336120896382057
0,30,Conv2d,0.11265585858926153,-1.0,64.0,64.0,5.2029762791576815,1.8409400901138468,-0.45765105426722025,power_law,0.15038206168297963,0.0,0.827686748508898,True,0.5641617183877443,LAYER_TYPE.CONV2D,0.6785468354263804,1.327918791598238,-0.2485963865553704,576.0,0.2264321821271782,0.26655842958068826,21.277411440501318,576.0,214.0,35.0,5.202976279157682,0.15050357574529533,0.0,0.20437892896849583,0.6646739625587467,8.0,1.00924186944557,0.0,9.0,0.05748548110726778,1.0088343646983036,0.5641617183877443,37.7150925825093,0.7511069952994343,over-trained,5.0,0.5641617183877443,0.018210530784573544
0,32,Conv2d,0.1996674481138374,-1.0,64.0,256.0,2.4701652610853304,3.039856502742576,-0.6128624292000474,lognormal,0.15937379135823623,0.017708199039804022,0.8912703898025108,True,0.6286240613542273,LAYER_TYPE.CONV2D,0.13293950935434967,1.0207279544471437,-0.2016089998482229,64.0,0.3833365472011856,0.25352798461914056,10.488851927127648,64.0,22.0,23.0,2.4701652610853304,0.3638547265335364,0.04042830294817071,0.16675397746228626,0.9491782852172855,0.0,0.99334191457573,0.0,1.0,0.4348988676473674,0.6574204401993119,0.6286240613542273,16.685412748172265,0.792858159669324,success,0.0,0.6286240613542273,0.20371583420522618
0,37,Conv2d,0.17934356124289508,-1.0,128.0,256.0,2.1823602735615926,6.096941063455346,0.6280261847246911,lognormal,0.22278821332301335,0.006558272671918007,0.8469178654553567,True,1.2676716167016249,LAYER_TYPE.CONV2D,1.0710173227152293,1.4293570748479731,0.10300676653888582,128.0,0.6217207455054595,0.1757459979286194,26.87553230933143,128.0,10.0,36.0,2.1823602735615935,0.6323606347815964,0.0186149590592209,0.2094498111549779,1.0171136146783821,0.0,1.016595477331228,0.0,1.0,1.6117942860159702,0.6034091135255433,1.2676716167016249,21.200705257769602,1.1259092399930044,under-trained,0.0,1.2676716167016249,0.7710952623137106
0,39,Conv2d,0.1350538512739503,-1.0,128.0,128.0,5.30525952768883,2.5628678986895332,-1.0070751739287158,power_law,0.14606315708719242,0.0,0.8636537790535014,True,0.4046238422666118,LAYER_TYPE.CONV2D,0.3628982785768924,1.6120392111190707,-0.39294853021634935,1152.0,0.17533597292683692,0.36098504791259817,40.92976122900665,1152.0,185.0,63.0,5.305259527688829,0.14479897103615838,0.0,0.17255662826858656,0.8258372119483957,8.0,1.0093908792459367,0.0,9.0,0.11490433315175685,1.0137876120263205,0.4046238422666118,101.15509011957212,0.6361004969866096,success,5.0,0.4046238422666118,0.07090814737906934
0,41,Conv2d,0.1596642177963098,-1.0,128.0,512.0,2.0485722899123218,4.496619035911586,0.10149790580173944,lognormal,0.21902905755049495,0.024336561950055,0.8972010161688748,True,1.0533484223534884,LAYER_TYPE.CONV2D,0.8081089422197131,1.4843073818065953,0.02257204913094513,128.0,0.5451653365960556,0.20793599999999998,30.50052970284311,128.0,23.0,45.0,2.0485722899123218,0.536928698684297,0.05965874429825524,0.18759954049567948,0.9848914863824852,0.0,1.0007332819805006,0.0,1.0,0.729095469453918,0.6391619338671662,1.0533484223534884,28.955784292813586,1.0263276388919322,success,0.0,1.0533484223534884,0.5002864810879685
0,45,Conv2d,0.10917803241951451,-1.0,256.0,512.0,2.4122935257273377,1.9792260378874036,1.1792743415991414,power_law,0.11871968505103142,0.0034947812295618667,0.7443450239512717,True,3.942992983183917,LAYER_TYPE.CONV2D,1.7738013995286526,1.6433796628136446,0.5958260042182354,256.0,0.5815078557882736,0.03010902772521973,43.992603333246734,256.0,51.0,58.0,2.4122935257273372,0.49257284631080134,0.01449999077018184,0.3682131461340053,0.8470613791503904,3.0,0.9917556819675907,0.0,1.0,0.13711907186153885,0.48688997396176725,3.942992983183917,11.157159934310423,1.9856971025773082,over-trained,0.0,3.942992983183917,0.1770546209724258
0,48,Conv2d,0.13527671131508612,-1.0,128.0,512.0,2.6642986909455013,1.6221508668792006,0.39217921435034675,power_law,0.06396574435848511,0.007107304928720567,0.7654132069565588,True,1.7448775081418932,LAYER_TYPE.CONV2D,1.1310549670668653,1.2560441468511943,0.24176494453000333,128.0,0.32577572563653384,0.03665916034793854,18.032010303209393,128.0,74.0,39.0,2.664298690945501,0.31985429219757594,0.03553936579973066,0.3690978941051746,0.9818235891351696,0.0,1.0045411776632416,0.0,1.0,0.07232356921712732,0.44922651435013305,1.7448775081418932,10.33425568217195,1.3209381166965746,over-trained,0.0,1.7448775081418932,0.02259690215792025
0,50,Conv2d,0.08198236238817092,-1.0,128.0,128.0,4.6505459715978725,1.624399378831511,0.2685762987546904,power_law,0.18394321161150004,0.0,0.7187303745564066,True,1.463318400598518,LAYER_TYPE.CONV2D,1.546096228516385,1.7264445954435217,0.16533883369734298,1152.0,0.2114442764553097,0.12570279409885413,53.265326743704854,1152.0,353.0,61.0,4.6505459715978725,0.18893236265570634,0.0,0.4257502066430428,0.893532640480995,7.0,1.0107113062946622,0.0,9.0,0.03323342562408439,0.9972770585641647,1.463318400598518,36.4003669481082,1.2096769819247277,over-trained,28.0,1.463318400598518,0.010641913914047832
0,52,Conv2d,0.15300918121484686,-1.0,128.0,512.0,2.1483490234723788,6.2279469784856,1.1349289337721256,power_law,0.14261310906584837,0.015845901007316487,0.8325201594623632,True,1.5213587291304422,LAYER_TYPE.CONV2D,1.4324376971688533,1.443000292078319,0.18223163069511183,128.0,0.5302082944960889,0.09374061905002593,27.733219698078123,128.0,10.0,40.0,2.1483490234723797,0.46995723044933757,0.05221747004992639,0.28956471792107363,0.8863634072265617,1.0,0.9818445812274321,0.0,1.0,1.6532219938609791,0.5408705109069643,1.5213587291304422,18.229244140157203,1.2334337149317924,under-trained,0.0,1.5213587291304422,0.8528608395972139
0,56,Conv2d,0.14896439155579466,-1.0,128.0,512.0,2.073621869343029,2.650996630998832,0.4720719893979665,power_law,0.2296863413868426,0.025520704598538068,0.8822418901535745,True,1.5068617267408304,LAYER_TYPE.CONV2D,1.168044631606938,1.4737508406911402,0.17807340223593612,128.0,0.5156757835978959,0.1524269528589248,29.768081133346477,128.0,38.0,39.0,2.07362186934303,0.5228606748519109,0.0580956305391012,0.2147090146348778,1.013932962304116,0.0,0.9996116177683243,0.0,1.0,0.2678270197627317,0.6625305219104705,1.5068617267408304,19.755018396897924,1.2275429632973465,success,0.0,1.5068617267408304,0.2850476547361565
0,58,Conv2d,0.11806833365315345,-1.0,128.0,128.0,4.3823581970973855,1.846981611590734,-0.06872457705320832,power_law,0.2102034502012184,0.0,0.8262824298083681,True,0.9178904915137833,LAYER_TYPE.CONV2D,1.31560031231429,1.7780367346163262,-0.03720912900373626,1152.0,0.2533191922297236,0.22900711157226525,59.98418114774302,1152.0,358.0,67.0,4.3823581970973855,0.21240398765615384,0.0,0.25218710612894046,0.8384835976562501,4.0,1.0098554404568902,0.0,9.0,0.044764369135040914,1.0046106934052315,0.9178904915137833,65.35004088430769,0.9580660162607707,over-trained,10.0,0.9178904915137833,0.030581158506259077
0,60,Conv2d,0.16346286916247843,-1.0,128.0,512.0,1.8272854088284174,6.075553947948314,0.3808892462923167,lognormal,0.3258541848556048,0.03620602053951164,0.9155569516482439,True,1.1552928931143696,LAYER_TYPE.CONV2D,0.9928653433102878,1.5835971970023444,0.06269210174998795,128.0,0.6841755233880177,0.28205331028842956,38.33515265464013,128.0,18.0,42.0,1.8272854088284176,0.6805723231101544,0.07561914701223936,0.15314055378757488,0.9947335147857667,0.0,1.0049680829062582,0.0,1.0,1.196319538290802,0.695387338271641,1.1552928931143696,33.18219378230443,1.074845520581618,under-trained,0.0,1.1552928931143696,0.6719401417739799
0,64,Conv2d,0.13382234021207573,-1.0,128.0,512.0,2.1221644203097036,3.7490761433834896,0.45253331906074207,power_law,0.24114698467488632,0.026794109408320707,0.8942688042155166,True,1.320399310632586,LAYER_TYPE.CONV2D,1.0261007314695005,1.453651911679403,0.12070528891748168,128.0,0.488105320018356,0.18263186199283607,28.421821768061914,128.0,20.0,35.0,2.122164420309703,0.49986312165102115,0.05554034685011346,0.19280277680584998,1.0240886569976804,0.0,1.0002609594099292,0.0,1.0,0.6147121131928441,0.6947502117951906,1.320399310632586,21.525171619822636,1.1490862938146056,success,0.0,1.320399310632586,0.4705647948984206
0,66,Conv2d,0.13574208286672174,-1.0,128.0,128.0,4.671065239630177,1.8457998000083156,-0.4382035945879443,power_law,0.1871266730173884,0.0,0.8532133068512707,True,0.578887525611919,LAYER_TYPE.CONV2D,1.116527936359993,1.7226206130564685,-0.23740580889973556,1152.0,0.210013368102041,0.3232522117652893,52.79838190521643,1152.0,428.0,71.0,4.671065239630177,0.18632971047733535,0.0,0.20751164732477528,0.8872278567848201,2.0,1.0081542654227387,0.0,9.0,0.04088327645477817,1.0103079849795993,0.578887525611919,91.20663266911022,0.7608465848066344,over-trained,10.0,0.578887525611919,0.023709864207418992
0,68,Conv2d,0.17835584345832806,-1.0,128.0,512.0,2.08245116289156,4.354360875830894,-0.29368924163898413,lognormal,0.32138173899915556,0.03570908211101728,0.9227705810432163,True,0.8561558876299721,LAYER_TYPE.CONV2D,0.5373517453282091,1.470060319176084,-0.0674471524096961,128.0,0.5233707358443153,0.37537759611606586,29.51619148687537,128.0,26.0,32.0,2.0824511628915596,0.5161666403973693,0.05735184893304102,0.1357262865732922,0.9862351962890622,0.0,0.997421057119904,0.0,1.0,0.6578442908266889,0.787035214217402,0.8561558876299721,34.47525376317003,0.9252869217869515,success,0.0,0.8561558876299721,0.41267452775705654
0,73,Conv2d,0.12509850035569303,-1.0,256.0,512.0,1.8273871685648415,5.989919692008591,1.8445795308731394,power_law,0.42639085121870474,0.01255177473437114,0.8842791228908956,True,2.03211035586407,LAYER_TYPE.CONV2D,2.3118453323878496,1.8845788231436562,0.3079472890653396,256.0,0.8762748958403486,0.20982662186050413,76.66176663399058,256.0,17.0,56.0,1.8273871685648417,0.8947611718869998,0.02633930966972607,0.17228370323697625,1.0210964346170421,0.0,1.0125662515052718,0.0,1.0,1.2102332913824099,0.6989946028766874,2.03211035586407,37.72519854188399,1.4255210822236444,success,0.0,2.03211035586407,1.1110911192190762
0,75,Conv2d,0.10990006186330298,-1.0,256.0,256.0,4.739611096533961,4.159410624288843,-1.4806920606425684,lognormal,0.18439944241632278,0.0,0.890035280237618,True,0.4405690386829433,LAYER_TYPE.CONV2D,-0.17303872892280103,2.010997059571147,-0.35598602648079025,2304.0,0.23521321337159504,0.4185483459472656,102.56449820086567,2304.0,156.0,108.0,4.739611096533961,0.18140278253119435,0.0,0.1335666320782788,0.7712270068969731,21.0,1.0093334914157945,0.0,9.0,0.2529552951897751,1.0176361205709181,0.4405690386829433,232.80005900431985,0.6637537485264722,success,13.0,0.4405690386829433,0.1674097989311585
0,77,Conv2d,0.11111111111111116,-1.0,256.0,1024.0,1.727879307441261,10.368073756955708,2.355727314710256,power_law,0.3459764607250662,0.038441828969451794,0.9172492377068744,True,1.6873677226409574,LAYER_TYPE.CONV2D,2.4976560872083597,1.9332131579414478,0.22720973730822966,256.0,0.7537484905105947,0.20503916015625007,85.7458594905637,256.0,9.0,87.0,1.727879307441261,0.760092091276226,0.08445467680846955,0.17617820954630373,1.0084160709381111,0.0,1.0042810119106846,0.0,1.0,3.1226912523185693,0.6775563509799476,1.6873677226409574,50.81634449920608,1.2989871910996496,under-trained,0.0,1.6873677226409574,1.1326953779677118
0,81,Conv2d,0.1130292800233339,-1.0,512.0,1024.0,2.3764408563607526,2.4499759569415724,0.8770728731412974,power_law,0.20695442120018062,0.0060921693506375075,0.8528843699497909,True,2.2803023822812767,LAYER_TYPE.CONV2D,1.8443647199554143,1.9574159404412184,0.3579924409691724,512.0,0.5352980612935767,0.09075744638442984,90.66004711929315,512.0,87.0,112.0,2.376440856360752,0.52474810472683,0.015447141944987471,0.2584370520533235,0.980291435128212,0.0,1.0084207236377989,0.0,1.0,0.15545373986504865,0.6332915264490733,2.2803023822812767,39.75790571625609,1.5100670125134437,success,0.0,2.2803023822812767,0.3077059947362027
0,84,Conv2d,0.17202354688112848,-1.0,256.0,1024.0,2.118205028437047,5.39702220953307,0.6711784102979818,lognormal,0.19089033027138683,0.021210036696820755,0.8834194034471611,True,1.331560415763943,LAYER_TYPE.CONV2D,1.3992577472514434,1.7563039759508565,0.12436087609801584,256.0,0.5094933279904742,0.14335836963272086,57.056348733607344,256.0,22.0,79.0,2.1182050284370475,0.502480252338653,0.05583113914873922,0.24155273524918291,0.9862351962890624,0.0,1.001004972558317,0.0,1.0,0.9374482849039795,0.6169766105043584,1.331560415763943,42.84923767493717,1.1539325871834727,success,0.0,1.331560415763943,0.7452883276802336
0,86,Conv2d,0.1085848864016632,-1.0,256.0,256.0,4.326934647792844,1.9757432800355161,-0.028622466379773986,power_law,0.21540910966392993,0.0,0.8359451092635254,True,0.9671928203917478,LAYER_TYPE.CONV2D,1.6043889181964845,2.090121803058271,-0.014486935964301732,2304.0,0.2711086352998664,0.22271578647232051,123.0613862727356,2304.0,493.0,146.0,4.326934647792844,0.21737336531142556,0.0,0.27177559102456433,0.8017943252563475,7.0,1.0086802204984702,0.0,9.0,0.043945267187531174,1.0041124987726184,0.9671928203917478,127.23562838575593,0.9834596180788248,over-trained,20.0,0.9671928203917478,0.05498138465092872
0,88,Conv2d,0.058955635324134725,-1.0,256.0,1024.0,1.7190674990456432,4.27849440712421,1.917578851927155,power_law,0.3698071575481625,0.04108968417201806,0.9140322545233712,True,2.8066619289527024,LAYER_TYPE.CONV2D,2.202828259010797,1.9376541061930863,0.44819010368090106,256.0,0.7776755460506521,0.1317604923248291,86.62716589365938,256.0,36.0,75.0,1.7190674990456432,0.7575919064829407,0.08417687849810453,0.17747419665175518,0.974174783211708,0.0,0.9975147671654294,0.0,1.0,0.5464157345207017,0.6969302684216812,2.8066619289527024,30.86483804837302,1.6753095024361029,success,0.0,2.8066619289527024,0.7486947274768049
0,92,Conv2d,0.17035522436956885,-1.0,256.0,1024.0,2.0904160327675454,1.6576170228508595,0.27965800363578824,power_law,0.183380816730888,0.020375646303432,0.8880263656161967,True,1.4747244007364375,LAYER_TYPE.CONV2D,1.5954553823078486,1.7677745100710025,0.16871086612926867,256.0,0.5258890687203749,0.12434921171665198,58.58339148562053,256.0,196.0,83.0,2.0904160327675454,0.5174392169555034,0.05749324632838927,0.23265557109411342,0.9839322544097899,0.0,1.0024694328887758,0.0,1.0,0.04697264448934711,0.5967857161138066,1.4747244007364375,39.724976040516836,1.2143823124273663,over-trained,0.0,1.4747244007364375,0.03880576450212437
0,94,Conv2d,0.11645383778499124,-1.0,256.0,256.0,4.475348666045544,1.9901848321344056,-0.26232042287554597,power_law,0.20192487588266428,0.0,0.8509193505328329,True,0.7382321152114875,LAYER_TYPE.CONV2D,1.4808458209059898,2.0608287226692643,-0.13180706567551126,2304.0,0.22643190809417252,0.27352491407775886,115.03466250474703,2304.0,548.0,140.0,4.4753486660455435,0.20303978885656124,0.0,0.24109583266302093,0.8966924783945089,3.0,1.0082946363132432,0.0,9.0,0.04229859969445074,1.005522499258436,0.7382321152114875,155.82451661804512,0.8592043500887827,over-trained,20.0,0.7382321152114875,0.04752697207692161
0,96,Conv2d,0.1214485068942796,-1.0,256.0,1024.0,1.799410973434013,7.980047223049766,1.5414698060522507,power_law,0.365875040767762,0.04065278230752911,0.921658637642723,True,1.5601469243524693,LAYER_TYPE.CONV2D,1.9117481599117148,1.8979792360517302,0.19316549927171248,256.0,0.7224231473366386,0.23451319555664063,79.06408259591569,256.0,13.0,74.0,1.7994109734340138,0.6936796865394107,0.0770755207266012,0.16285641159287023,0.9602124310340878,0.0,0.9991221658841407,0.0,1.0,1.9359167821435355,0.7256137394879811,1.5601469243524693,50.67733132168358,1.2490584151081443,under-trained,0.0,1.5601469243524693,0.9893718659556144
0,100,Conv2d,0.14144857315109083,-1.0,256.0,1024.0,1.996165497835681,5.561299435438271,0.7146224265462511,lognormal,0.2872963365715897,0.031921815174621074,0.9192006443529347,True,1.3443092336606608,LAYER_TYPE.CONV2D,1.290283779068988,1.8078468755602195,0.12849918168269492,256.0,0.5736549868075763,0.21371298312759407,64.24611571054675,256.0,20.0,72.0,1.9961654978356824,0.5656485883606768,0.0628498431511863,0.1685056827698189,0.9860431816492075,0.0,1.0008722301536763,0.0,1.0,1.0199375603371388,0.7132968890452722,1.3443092336606608,47.7911734159554,1.159443501711343,success,0.0,1.3443092336606608,0.7175209499385656
0,102,Conv2d,0.11604358661032516,-1.0,256.0,256.0,4.671710501449101,2.326393693577193,-0.5075654772575275,power_law,0.1865468691188521,0.0,0.873202482942316,True,0.6050942854150813,LAYER_TYPE.CONV2D,1.1345981218859136,2.0235306299665745,-0.21817694857875344,2304.0,0.20948282331632015,0.30829388677978525,105.56759554144439,2304.0,426.0,128.0,4.671710501449102,0.18640278793895887,0.0,0.18989042436140016,0.8898237334594717,3.0,1.0084912361757623,0.0,9.0,0.0642639844367272,1.0088809206358254,0.6050942854150813,174.46470423865821,0.7778780659043429,success,14.0,0.6050942854150813,0.0712174460266432
0,104,Conv2d,0.10135587305183558,-1.0,256.0,1024.0,1.9415805776033719,6.308077593843867,1.1922485722505933,power_law,0.34315189336738755,0.038127988151931955,0.9312244368346472,True,1.5452667962692355,LAYER_TYPE.CONV2D,1.386191371191321,1.8319291274587677,0.18900347285108285,256.0,0.6101377092725143,0.22206643810367577,67.90928023811432,256.0,17.0,68.0,1.9415805776033714,0.6001586483089926,0.06668429425655473,0.14123936204883164,0.9836445759508619,0.0,1.0027604445731435,0.0,1.0,1.2873979169642769,0.7582411667224823,1.5452667962692355,43.94663782465842,1.2430876060315441,under-trained,0.0,1.5452667962692355,0.726242594707922
0,108,Conv2d,0.11282944899554176,-1.0,256.0,1024.0,2.035901582922988,4.565559784663297,0.43022932737085556,power_law,0.31557416888156714,0.03506379654239635,0.929646392877162,True,1.2423204728274948,LAYER_TYPE.CONV2D,1.125573208464673,1.7907264052383458,0.09423364223946622,256.0,0.5544261196785398,0.2540199375152589,61.762718773091464,256.0,33.0,63.0,2.0359015829229885,0.5447736245790765,0.0605304027310085,0.14327794923763137,0.9825901147928241,0.0,1.0017827690354446,0.0,1.0,0.6206842894840896,0.7624585599836302,1.2423204728274948,49.715608914116046,1.1145943086287022,success,0.0,1.2423204728274948,0.5321657362534369
0,110,Conv2d,0.08614298554249344,-1.0,256.0,256.0,4.886581887676714,2.5273019252963294,-0.4243042452426337,power_law,0.1698446139874845,0.0,0.8766851748938777,True,0.6793784559499381,LAYER_TYPE.CONV2D,0.9631575639043551,1.984472112898252,-0.1678882293388367,2304.0,0.1952814805876034,0.24999999999999994,96.48773527019071,2304.0,334.0,114.0,4.886581887676714,0.1705523832586419,0.0,0.17847466406827933,0.8733669098854052,9.0,1.0090300066302769,0.0,9.0,0.08357024316081477,1.0069341611272473,0.6793784559499381,142.02354287975933,0.824244172530166,success,16.0,0.6793784559499381,0.08230091251364648
0,112,Conv2d,0.09090909090909094,-1.0,256.0,1024.0,2.015262088216916,5.962751617551493,1.4446804148557417,lognormal,0.33050116603356083,0.036722351781506755,0.9280275019508071,True,1.7469649224252635,LAYER_TYPE.CONV2D,1.5639959907318208,1.7995768955589915,0.2422841848054332,256.0,0.6605785172068068,0.18918591998672482,63.034294372976376,256.0,11.0,61.0,2.0152620882169163,0.5549716848771737,0.06166352054190819,0.14386605915129672,0.8401297808227529,1.0,1.0008654293060695,0.0,1.0,1.496325913013422,0.7723724490223707,1.7469649224252635,36.082175184987456,1.3217280062196093,success,0.0,1.7469649224252635,0.7820650915788211
0,116,Conv2d,0.10838459782547283,-1.0,256.0,1024.0,1.9616772252481154,4.384418619931331,0.28533186029444496,lognormal,0.3920041873257098,0.04355602081396776,0.9432849020958136,True,1.1616588567029944,LAYER_TYPE.CONV2D,1.0630690021864362,1.8229848652643295,0.06507860791333694,256.0,0.5958241383262866,0.33745207128906257,66.52499724903504,256.0,46.0,52.0,1.9616772252481154,0.5857935612935256,0.0650881734770584,0.1100395078309617,0.9831652053222658,0.0,1.0009412510979985,0.0,1.0,0.4990053017697328,0.818807183301046,1.1616588567029944,57.267240606115166,1.0778027911928019,success,0.0,1.1616588567029944,0.46523639281633294
0,118,Conv2d,0.09490241435464652,-1.0,256.0,256.0,4.996059616800792,2.7986314669031085,-0.7889717498246476,power_law,0.16321667221272884,0.0,0.8856916734225658,True,0.5225003510244861,LAYER_TYPE.CONV2D,0.677381091601209,1.9652272506179416,-0.28191341345050436,2304.0,0.1921044075669244,0.3123761962890623,92.30543017885638,2304.0,279.0,108.0,4.996059616800791,0.16323293602114497,0.0,0.15555287784070995,0.849709478759766,6.0,1.0092564009950347,0.0,9.0,0.10768124928266465,1.0092061208186427,0.5225003510244861,176.66099170626327,0.7228418575487214,success,14.0,0.5225003510244861,0.09543653467193702
0,120,Conv2d,0.054708954053265035,-1.0,256.0,1024.0,1.9836388437396375,4.172728646163165,1.7050674747603265,lognormal,0.35620536816317794,0.039578374240353105,0.9261008028192885,True,2.562251171760821,LAYER_TYPE.CONV2D,1.8390665833436952,1.8133147571438712,0.4086217004137426,256.0,1.0056301412612563,0.13902047234439852,65.06010459446911,256.0,21.0,51.0,1.983638843739637,0.5682108902356665,0.06313454335951849,0.1432257495927647,0.5650296932458878,1.0,0.9968415265119461,0.0,1.0,0.6923461514570223,0.7892626932345189,2.562251171760821,25.391774745392638,1.6007033365870207,success,0.0,2.562251171760821,0.6254201434770451
0,125,Conv2d,0.09009119348336309,-1.0,512.0,1024.0,1.719228935637347,3.583804995734058,2.0320811130760106,power_law,0.6230662496080939,0.018341357905118177,0.9111705429788598,True,3.6899269543029813,LAYER_TYPE.CONV2D,2.4879699252332275,2.238602537021298,0.5670177689620042,512.0,0.990562290971841,0.1688559847726822,173.2217959509777,512.0,54.0,78.0,1.7192289356373465,1.006392778160983,0.02962543734151413,0.14349077226740825,1.015981314182282,0.0,1.0103149519436998,0.0,1.0,0.3516113241334727,0.7949505935348654,3.6899269543029813,46.94450543227594,1.9209182581002715,success,0.0,3.6899269543029813,0.8352524769047033
0,127,Conv2d,0.044164341044992145,-1.0,512.0,512.0,4.606833593759956,8.141741641012363,-2.4266167734625768,power_law,0.19447105697389072,0.0,0.9168914534820748,True,0.5034468194438867,LAYER_TYPE.CONV2D,-2.072459336420776,2.3367074201737563,-0.2980463984805155,4608.0,0.26638410462980494,0.3862792443275454,217.12379448613297,4608.0,62.0,143.0,4.606833593759956,0.19182401034827523,0.0,0.07930910067964804,0.7201030655145652,38.0,1.0088439934500528,0.0,9.0,0.907002095411119,1.0157808400475477,0.5034468194438867,431.27453804548907,0.7095398645910508,under-trained,22.0,0.5034468194438867,0.24843461246793055
0,129,Conv2d,0.0720527963281008,-1.0,512.0,2048.0,1.6772246179820496,6.833764915047279,3.373639031207873,lognormal,0.49243210450069497,0.054714678277855,0.9456912831112653,True,3.116535608564185,LAYER_TYPE.CONV2D,3.3863251331148185,2.2600875044365765,0.49367209336971063,512.0,1.352430584725846,0.15800625000000007,182.00675405449724,512.0,53.0,135.0,1.6772246179820494,0.797008454475617,0.08855649494173523,0.11981616125911691,0.5893156095972055,1.0,0.9982318749137845,0.0,1.0,0.8013292386749702,0.7846448866428807,3.116535608564185,58.40034477846037,1.765371238171786,under-trained,0.0,3.116535608564185,0.8130427823612095
0,133,Conv2d,0.08455303788598789,-1.0,1024.0,2048.0,2.4212353405116467,6.69853478835509,1.2063180114679748,power_law,0.3045250965422335,0.008964381861936776,0.917832096092952,True,1.5138639504863727,LAYER_TYPE.CONV2D,1.5769066889012266,2.2422259480841227,0.1800868472856288,1024.0,0.546312921503583,0.2011575058937073,174.6730678858688,1024.0,30.0,173.0,2.4212353405116476,0.5079168463181641,0.014951675957765337,0.14868802542403994,0.9297177978515615,1.0,1.0108172053378448,0.0,1.0,1.04040534943667,0.7826865333355979,1.5138639504863727,115.38227581794916,1.2303917873939068,under-trained,0.0,1.5138639504863727,0.752768897747759
0,136,Conv2d,0.05867467778504443,-1.0,512.0,2048.0,1.7873613614536044,7.3560196857606766,3.0446980990698247,lognormal,0.46361036380676296,0.05151226264519588,0.9498021119063392,True,2.5936158322860465,LAYER_TYPE.CONV2D,3.053020317450608,2.2048452304248305,0.41390564858921747,512.0,1.0399212573150844,0.17875059136962887,160.26741437368855,512.0,34.0,117.0,1.7873613614536046,0.7055394257757034,0.0783932695306337,0.10772932230543125,0.6784546626129144,1.0,1.0008793979887205,0.0,1.0,1.0900483832458896,0.811330260166341,2.5936158322860465,61.793042893490814,1.6104706865652807,under-trained,0.0,2.5936158322860465,0.7746770880151965
0,138,Conv2d,0.03709805232897567,-1.0,512.0,512.0,4.515924054531138,3.889166662953099,-0.4648615441567872,power_law,0.20058034581517878,0.0,0.9148394540051696,True,0.7594037054406239,LAYER_TYPE.CONV2D,0.5277193323787653,2.354019211072887,-0.11952728809102033,4608.0,0.23913489265998333,0.2641287425622941,225.95357188667168,4608.0,339.0,140.0,4.515924054531138,0.19938362239967858,0.0,0.09789157820864706,0.8337705141305934,17.0,1.008234084114292,0.0,9.0,0.15691799340996518,1.0112553258578072,0.7594037054406239,297.54078136288274,0.8714377232141284,success,19.0,0.7594037054406239,0.15333575775743946
0,140,Conv2d,0.03721352257008975,-1.0,512.0,2048.0,1.6603516236902303,5.3370822970423415,2.5234656534202493,lognormal,0.5877212836280268,0.06530236484755851,0.9499415757970596,True,2.970417207781062,LAYER_TYPE.CONV2D,2.6485884138036795,2.2688698185617278,0.47281745211586523,512.0,1.164018992602965,0.19785816015625016,185.7247654529617,512.0,41.0,91.0,1.6603516236902307,0.8190875072715653,0.0910097230301739,0.10819175492681625,0.7036719439086916,1.0,1.0017837050664886,0.0,1.0,0.6773384579495793,0.8485833795641151,2.970417207781062,62.524807951708695,1.7234898339651041,success,0.0,2.970417207781062,0.8454288466133881
0,144,Conv2d,0.0802893806345488,-1.0,512.0,2048.0,1.3729294111451713,6.458263489588267,4.819171964613935,power_law,0.9846787790094965,0.1094087532232774,0.9571245202275984,True,5.574455315513613,LAYER_TYPE.CONV2D,4.821120125002885,2.4339735436592282,0.7462024385321527,512.0,1.1943940786218448,0.17664125430679342,271.6273793897485,512.0,77.0,57.0,1.3729294111451715,1.2030410358525092,0.13367122620583438,0.09273865585082965,1.0072396183013916,0.0,1.0039155247796099,0.0,1.0,0.6220268537420739,0.9082475579625047,5.574455315513613,48.7271605951911,2.361028444452462,under-trained,0.0,5.574455315513613,0.9683487996982052
0,146,Conv2d,0.04669098430271201,-1.0,512.0,512.0,4.979214245232505,4.675141594040027,0.19488333178739692,power_law,0.1635216788945903,0.0,0.9295026415116088,True,1.100740666516424,LAYER_TYPE.CONV2D,0.652311751653844,2.2691908434836603,0.04168501164453253,4608.0,0.22720626866679777,0.14855604400634762,185.86210157455395,4608.0,504.0,34.0,4.979214245232506,0.1644131238816926,0.0,0.07296629846378604,0.7236293472290041,41.0,1.0094831131081983,0.0,9.0,0.16370381777119075,1.0067426938333297,1.100740666516424,168.8518533277799,1.0491618876591087,success,20.0,1.100740666516424,0.09513849234856778
0,148,Conv2d,0.044351734702777756,-1.0,512.0,2048.0,1.8924156547874789,7.5851413341488305,1.0270690463423504,power_law,0.20242547203040084,0.02249171911448898,0.9290127613056077,True,1.3658575052259574,LAYER_TYPE.CONV2D,1.4595774571030367,2.1552368968922995,0.13540539339964763,512.0,0.6247886005783674,0.14820394606018075,142.967359742186,512.0,44.0,252.0,1.8924156547874784,0.6310275787037701,0.07011417541153,0.18284515407243793,1.0099857425689702,0.0,1.0021885649784457,0.0,1.0,0.992747408946911,0.5676202143061313,1.3658575052259574,104.67223644865834,1.168699065296947,under-trained,0.0,1.3658575052259574,0.6667530446709807
0,152,Linear,0.02170668828263178,-1.0,1000.0,2048.0,0.6832805208616387,3.436851468048856,6.103704376506592,power_law,1.4761804815317294,0.046415444837992106,0.8332815366573987,True,59.697775772752784,LAYER_TYPE.DENSE,6.438892135106129,3.330801920161202,1.775958150432303,1000.0,6.171075252840838,0.024727562499999987,2141.9134608171967,1000.0,92.0,273.0,0.6832805208616389,6.206078103263271,0.19513730161463014,0.334953478177395,1.0056720829010015,0.0,1.0020116196192532,0.0,1.0,0.25405932800216485,0.48869046862275517,59.697775772752784,35.87928416245631,7.72643357395589,success,1.0,59.697775772752784,7.39295566523137
